unidade;setor_centro_custo;ano;mes;pacientes_pcm;internacoes;tx_pacientes_pcm
CHPB;CAC - CENTRO DE ACOLHIMENTO DE CRISE;2019,0;12,0;1,0;24,0;0,041666666666666664
CHPB;UIC - UNIDADE INTERCORRENCIAS CLINICAS;2019,0;12,0;1,0;3,0;0,3333333333333333
CHPB;UNIDADE INTERNAÇÃO - PSIQUIATRIA MÓDULO RESIDENCIAL 2;2019,0;12,0;1,0;2,0;0,5
CHPB;CAC - CENTRO DE ACOLHIMENTO DE CRISE;2020,0;3,0;1,0;28,0;0,03571428571428571
CHPB;CAC - CENTRO DE ACOLHIMENTO DE CRISE;2020,0;8,0;1,0;22,0;0,045454545454545456
CHPB;UIC - UNIDADE INTERCORRENCIAS CLINICAS;2020,0;3,0;1,0;2,0;0,5
CHPB;UIC - UNIDADE INTERCORRENCIAS CLINICAS;2020,0;8,0;1,0;1,0;1,0
CHPB;UNIDADE DE CUIDADOS CONTINUADOS INTEGRADOS;2020,0;8,0;1,0;13,0;0,07692307692307693
HCM;UNIDADE INTERNAÇÃO - CLINICA CIRURGICA;2020,0;3,0;1,0;1,0;1,0
HCM;UNIDADE INTERNAÇÃO - CUIDADOS PROLONGADOS;2020,0;3,0;1,0;6,0;0,16666666666666666
CHPB;CAC - CENTRO DE ACOLHIMENTO DE CRISE;2021,0;1,0;2,0;30,0;0,06666666666666667
CHPB;CAC - CENTRO DE ACOLHIMENTO DE CRISE;2021,0;3,0;1,0;14,0;0,07142857142857142
CHPB;UIC - UNIDADE INTERCORRENCIAS CLINICAS;2021,0;1,0;2,0;3,0;0,6666666666666666
CHPB;UNIDADE DE CUIDADOS CONTINUADOS INTEGRADOS;2021,0;1,0;2,0;3,0;0,6666666666666666
CHPB;UNIDADE DE CUIDADOS CONTINUADOS INTEGRADOS;2021,0;3,0;1,0;2,0;0,5
CHPB;UNIDADE DE CUIDADOS CONTINUADOS INTEGRADOS;2021,0;4,0;1,0;5,0;0,2
CHPB;UNIDADE DE CUIDADOS CONTINUADOS INTEGRADOS;2021,0;7,0;1,0;3,0;0,3333333333333333
CHPB;UNIDADE DE TRATAMENTO CLINICO;2021,0;4,0;1,0;1,0;1,0
CHPB;UNIDADE DE TRATAMENTO CLINICO;2021,0;7,0;1,0;1,0;1,0
CHPB;UNIDADE INTERNAÇÃO - PSIQUIATRIA;2021,0;3,0;1,0;13,0;0,07692307692307693
CHPB;UNIDADE INTERNAÇÃO - PSIQUIATRIA;2021,0;4,0;1,0;29,0;0,034482758620689655
CHPB;UNIDADE INTERNAÇÃO - PSIQUIATRIA;2021,0;7,0;1,0;27,0;0,037037037037037035
HCM;UNIDADE INTERNAÇÃO - CUIDADOS PROLONGADOS;2021,0;5,0;1,0;11,0;0,09090909090909091
CHPB;CAC - CENTRO DE ACOLHIMENTO DE CRISE;2022,0;9,0;1,0;21,0;0,047619047619047616
CHPB;UNIDADE DE CUIDADOS CONTINUADOS INTEGRADOS;2022,0;5,0;1,0;11,0;0,09090909090909091
CHPB;UNIDADE DE CUIDADOS CONTINUADOS INTEGRADOS;2022,0;9,0;1,0;15,0;0,06666666666666667
CHPB;UNIDADE INTERNAÇÃO - PSIQUIATRIA;2022,0;5,0;1,0;20,0;0,05
CSPD;UNIDADE DE CUIDADOS CONTINUADOS INTEGRADOS;2022,0;11,0;1,0;6,0;0,16666666666666666
CSPD;UNIDADE INTERNAÇÃO - CLINICA MÉDICA;2022,0;11,0;1,0;27,0;0,037037037037037035
HCM;UNIDADE DE CUIDADOS CONTINUADOS INTEGRADOS;2022,0;2,0;1,0;3,0;0,3333333333333333
HCM;UNIDADE DE CUIDADOS CONTINUADOS INTEGRADOS;2022,0;8,0;1,0;3,0;0,3333333333333333
HCM;UNIDADE DE CUIDADOS CONTINUADOS INTEGRADOS;2022,0;10,0;1,0;7,0;0,14285714285714285
IRS;UNIDADE DE URGÊNCIA - CLINICA PSIQUIÁTRICA SALA DE OBSERVAÇAO;2022,0;11,0;1,0;62,0;0,016129032258064516
IRS;UNIDADE INTERNAÇÃO - PSIQUIATRIA ALA A;2022,0;11,0;1,0;7,0;0,14285714285714285
IRS;UNIDADE INTERNAÇÃO - PSIQUIATRIA ALA B;2022,0;11,0;1,0;6,0;0,16666666666666666
IRS;UNIDADE INTERNAÇÃO - PSIQUIATRIA ALA C;2022,0;11,0;1,0;11,0;0,09090909090909091
IRS;UNIDADE INTERNAÇÃO - PSIQUIATRIA ALA D;2022,0;11,0;1,0;1,0;1,0
CHPB;CAC - CENTRO DE ACOLHIMENTO DE CRISE;2023,0;4,0;2,0;27,0;0,07407407407407407
CHPB;CAC - CENTRO DE ACOLHIMENTO DE CRISE;2023,0;5,0;3,0;35,0;0,08571428571428572
CHPB;CAC - CENTRO DE ACOLHIMENTO DE CRISE;2023,0;11,0;1,0;27,0;0,037037037037037035
CHPB;LAR INCLUSIVO C;2023,0;5,0;3,0;1,0;3,0
CHPB;UNIDADE DE CUIDADOS CONTINUADOS INTEGRADOS;2023,0;4,0;2,0;17,0;0,11764705882352941
CHPB;UNIDADE DE CUIDADOS CONTINUADOS INTEGRADOS;2023,0;5,0;3,0;20,0;0,15
CHPB;UNIDADE DE CUIDADOS CONTINUADOS INTEGRADOS;2023,0;11,0;1,0;17,0;0,058823529411764705
CHPB;UNIDADE INTERNAÇÃO - PSIQUIATRIA;2023,0;11,0;1,0;1,0;1,0
CSPD;UNIDADE DE CUIDADOS CONTINUADOS INTEGRADOS;2023,0;5,0;1,0;8,0;0,125
CSPD;UNIDADE DE CUIDADOS CONTINUADOS INTEGRADOS;2023,0;10,0;1,0;18,0;0,05555555555555555
CSPD;UNIDADE DE CUIDADOS CONTINUADOS INTEGRADOS;2023,0;11,0;2,0;1,0;2,0
CSPD;UNIDADE DE INTERNAÇÃO DE CUIDADOS PROLONGADOS;2023,0;11,0;2,0;28,0;0,07142857142857142
CSPD;UNIDADE DE INTERNAÇÃO DE CUIDADOS PROLONGADOS;2023,0;12,0;4,0;45,0;0,08888888888888889
CSPD;UNIDADE INTERNAÇÃO - CLINICA MÉDICA;2023,0;5,0;1,0;37,0;0,02702702702702703
CSPD;UNIDADE INTERNAÇÃO - CLINICA MÉDICA;2023,0;10,0;1,0;11,0;0,09090909090909091
CSSFE;UNIDADE DE CUIDADOS CONTINUADOS INTEGRADOS;2023,0;11,0;1,0;1,0;1,0
IRS;ALA A;2023,0;8,0;79,0;6,0;13,166666666666666
IRS;ALA A;2023,0;9,0;67,0;5,0;13,4
IRS;ALA A;2023,0;10,0;104,0;8,0;13,0
IRS;ALA A;2023,0;11,0;74,0;1,0;74,0
IRS;ALA A;2023,0;12,0;80,0;1,0;80,0
IRS;ALA B;2023,0;8,0;79,0;2,0;39,5
IRS;ALA B;2023,0;9,0;67,0;1,0;67,0
IRS;ALA B;2023,0;10,0;104,0;7,0;14,857142857142858
IRS;ALA B;2023,0;11,0;74,0;7,0;10,571428571428571
IRS;ALA B;2023,0;12,0;80,0;3,0;26,666666666666668
IRS;ALA C;2023,0;8,0;79,0;9,0;8,777777777777779
IRS;ALA C;2023,0;9,0;67,0;6,0;11,166666666666666
IRS;ALA C;2023,0;10,0;104,0;7,0;14,857142857142858
IRS;ALA C;2023,0;11,0;74,0;4,0;18,5
IRS;ALA C;2023,0;12,0;80,0;7,0;11,428571428571429
IRS;ALA E;2023,0;8,0;79,0;5,0;15,8
IRS;ALA E;2023,0;9,0;67,0;2,0;33,5
IRS;ALA E;2023,0;10,0;104,0;7,0;14,857142857142858
IRS;ALA E;2023,0;11,0;74,0;5,0;14,8
IRS;ALA E;2023,0;12,0;80,0;2,0;40,0
IRS;UNIDADE DE URGÊNCIA - CLINICA PSIQUIÁTRICA SALA DE OBSERVAÇAO;2023,0;5,0;4,0;72,0;0,05555555555555555
IRS;UNIDADE DE URGÊNCIA - CLINICA PSIQUIÁTRICA SALA DE OBSERVAÇAO;2023,0;6,0;4,0;59,0;0,06779661016949153
IRS;UNIDADE DE URGÊNCIA - CLINICA PSIQUIÁTRICA SALA DE OBSERVAÇAO;2023,0;7,0;10,0;28,0;0,35714285714285715
IRS;UNIDADE DE URGÊNCIA - CLINICA PSIQUIÁTRICA SALA DE OBSERVAÇAO;2023,0;8,0;79,0;1,0;79,0
IRS;UNIDADE INTERNAÇÃO - PSIQUIATRIA ALA A;2023,0;5,0;4,0;2,0;2,0
IRS;UNIDADE INTERNAÇÃO - PSIQUIATRIA ALA A;2023,0;6,0;4,0;4,0;1,0
IRS;UNIDADE INTERNAÇÃO - PSIQUIATRIA ALA A;2023,0;7,0;10,0;4,0;2,5
IRS;UNIDADE INTERNAÇÃO - PSIQUIATRIA ALA B;2023,0;5,0;4,0;5,0;0,8
IRS;UNIDADE INTERNAÇÃO - PSIQUIATRIA ALA B;2023,0;6,0;4,0;5,0;0,8
IRS;UNIDADE INTERNAÇÃO - PSIQUIATRIA ALA B;2023,0;7,0;10,0;1,0;10,0
IRS;UNIDADE INTERNAÇÃO - PSIQUIATRIA ALA C;2023,0;5,0;4,0;7,0;0,5714285714285714
IRS;UNIDADE INTERNAÇÃO - PSIQUIATRIA ALA C;2023,0;6,0;4,0;11,0;0,36363636363636365
IRS;UNIDADE INTERNAÇÃO - PSIQUIATRIA ALA C;2023,0;7,0;10,0;5,0;2,0
IRS;UNIDADE INTERNAÇÃO - PSIQUIATRIA ALA E;2023,0;5,0;4,0;8,0;0,5
IRS;UNIDADE INTERNAÇÃO - PSIQUIATRIA ALA E;2023,0;6,0;4,0;1,0;4,0
IRS;UNIDADE INTERNAÇÃO - PSIQUIATRIA ALA E;2023,0;7,0;10,0;1,0;10,0
IRS;UNIDADE INTERNAÇÃO - PSIQUIATRIA ALA F;2023,0;5,0;4,0;1,0;4,0
IRS;UNIDADE INTERNAÇÃO - PSIQUIATRIA UNIDADE DE TRATAMENTO CLÍNICO;2023,0;5,0;4,0;1,0;4,0
IRS;UNIDADE INTERNAÇÃO - PSIQUIATRIA UNIDADE DE TRATAMENTO CLÍNICO;2023,0;7,0;10,0;1,0;10,0
IRS;UNIDADE URGÊNCIA/EMERGÊNCIA - OBSERVAÇÃO;2023,0;8,0;79,0;65,0;1,2153846153846153
IRS;UNIDADE URGÊNCIA/EMERGÊNCIA - OBSERVAÇÃO;2023,0;9,0;67,0;62,0;1,0806451612903225
IRS;UNIDADE URGÊNCIA/EMERGÊNCIA - OBSERVAÇÃO;2023,0;10,0;104,0;83,0;1,2530120481927711
IRS;UNIDADE URGÊNCIA/EMERGÊNCIA - OBSERVAÇÃO;2023,0;11,0;74,0;70,0;1,0571428571428572
IRS;UNIDADE URGÊNCIA/EMERGÊNCIA - OBSERVAÇÃO;2023,0;12,0;80,0;65,0;1,2307692307692308
IRS;UTC - UNIDADE DE TRATAMENTO CLÍNICO;2023,0;8,0;79,0;2,0;39,5
IRS;UTC - UNIDADE DE TRATAMENTO CLÍNICO;2023,0;10,0;104,0;1,0;104,0
IRS;UTC - UNIDADE DE TRATAMENTO CLÍNICO;2023,0;11,0;74,0;1,0;74,0
IRS;UTC - UNIDADE DE TRATAMENTO CLÍNICO;2023,0;12,0;80,0;2,0;40,0
MOV;ALOJAMENTO CONJUNTO;2023,0;4,0;1,0;9,0;0,1111111111111111
MOV;PRÉ-PARTO;2023,0;4,0;1,0;19,0;0,05263157894736842
MOV;UNIDADE INTEMEDIARIA NEONATAL;2023,0;4,0;1,0;1,0;1,0
MOV;UNIDADE INTERNAÇÃO - ALTO RISCO OBSTETRICO;2023,0;4,0;1,0;6,0;0,16666666666666666
MOV;UNIDADE INTERNAÇÃO - CLINICA CIRURGICA;2023,0;4,0;1,0;8,0;0,125
CHPB;LAR INCLUSIVO A/CHPB/CHB;2024,0;11,0;46,0;1,0;46,0
CHPB;LAR INCLUSIVO B/CHPB/CHB;2024,0;9,0;13,0;1,0;13,0
CHPB;LAR INCLUSIVO B/CHPB/CHB;2024,0;11,0;46,0;1,0;46,0
CHPB;UIP-FEMININA/CHPB/CHB;2024,0;7,0;18,0;5,0;3,6
CHPB;UIP-FEMININA/CHPB/CHB;2024,0;8,0;21,0;13,0;1,6153846153846154
CHPB;UIP-FEMININA/CHPB/CHB;2024,0;9,0;13,0;3,0;4,333333333333333
CHPB;UIP-FEMININA/CHPB/CHB;2024,0;10,0;42,0;14,0;3,0
CHPB;UIP-FEMININA/CHPB/CHB;2024,0;11,0;46,0;12,0;3,8333333333333335
CHPB;UIP-FEMININA/CHPB/CHB;2024,0;12,0;32,0;7,0;4,571428571428571
CHPB;UIP-MASCULINA/CHPB/CHB;2024,0;6,0;6,0;6,0;1,0
CHPB;UIP-MASCULINA/CHPB/CHB;2024,0;7,0;18,0;20,0;0,9
CHPB;UIP-MASCULINA/CHPB/CHB;2024,0;8,0;21,0;15,0;1,4
CHPB;UIP-MASCULINA/CHPB/CHB;2024,0;9,0;13,0;21,0;0,6190476190476191
CHPB;UIP-MASCULINA/CHPB/CHB;2024,0;10,0;42,0;17,0;2,4705882352941178
CHPB;UIP-MASCULINA/CHPB/CHB;2024,0;11,0;46,0;22,0;2,090909090909091
CHPB;UIP-MASCULINA/CHPB/CHB;2024,0;12,0;32,0;18,0;1,7777777777777777
CHPB;UNIDADE DE CUIDADOS CONTINUADOS INTEGRADOS;2024,0;6,0;6,0;3,0;2,0
CHPB;UNIDADE DE CUIDADOS PROLONGADOS/CHPB/CHB;2024,0;7,0;18,0;19,0;0,9473684210526315
CHPB;UNIDADE DE CUIDADOS PROLONGADOS/CHPB/CHB;2024,0;8,0;21,0;16,0;1,3125
CHPB;UNIDADE DE CUIDADOS PROLONGADOS/CHPB/CHB;2024,0;9,0;13,0;12,0;1,0833333333333333
CHPB;UNIDADE DE CUIDADOS PROLONGADOS/CHPB/CHB;2024,0;10,0;42,0;28,0;1,5
CHPB;UNIDADE DE CUIDADOS PROLONGADOS/CHPB/CHB;2024,0;11,0;46,0;20,0;2,3
CHPB;UNIDADE DE CUIDADOS PROLONGADOS/CHPB/CHB;2024,0;12,0;32,0;13,0;2,4615384615384617
CSPD;UNIDADE DE INTERNAÇÃO DE CUIDADOS PROLONGADOS;2024,0;1,0;2,0;46,0;0,043478260869565216
CSPD;UNIDADE DE INTERNAÇÃO DE CUIDADOS PROLONGADOS;2024,0;3,0;1,0;50,0;0,02
CSPD;UNIDADE DE INTERNAÇÃO DE CUIDADOS PROLONGADOS;2024,0;4,0;7,0;52,0;0,1346153846153846
CSPD;UNIDADE DE INTERNAÇÃO DE CUIDADOS PROLONGADOS;2024,0;5,0;11,0;38,0;0,2894736842105263
CSPD;UNIDADE DE INTERNAÇÃO DE CUIDADOS PROLONGADOS;2024,0;6,0;10,0;33,0;0,30303030303030304
CSPD;UNIDADE DE INTERNAÇÃO DE CUIDADOS PROLONGADOS;2024,0;7,0;19,0;40,0;0,475
CSSFE;UNIDADE DE CUIDADOS PROLONGADOS;2024,0;6,0;1,0;4,0;0,25
CSSFE;UNIDADE DE INTERNAÇÃO - CLÍNICA MÉDICA;2024,0;6,0;1,0;15,0;0,06666666666666667
CSSI;CLÍNICA MÉDICA ALA C;2024,0;9,0;1,0;50,0;0,02
CSSI;CLÍNICA MÉDICA ALA C;2024,0;10,0;1,0;57,0;0,017543859649122806
CSSI;CLÍNICA MÉDICA ALA C;2024,0;11,0;1,0;63,0;0,015873015873015872
CSSI;CLÍNICA MÉDICA ALA C;2024,0;12,0;1,0;67,0;0,014925373134328358
CSSI;UNIDADE DE CUIDADOS PROLONGADOS - ALA A;2024,0;10,0;1,0;1,0;1,0
CSSI;UNIDADE DE CUIDADOS PROLONGADOS - ALA B;2024,0;9,0;1,0;7,0;0,14285714285714285
CSSI;UNIDADE DE CUIDADOS PROLONGADOS - ALA B;2024,0;10,0;1,0;3,0;0,3333333333333333
CSSI;UNIDADE DE CUIDADOS PROLONGADOS - ALA B;2024,0;11,0;1,0;2,0;0,5
CSSI;UNIDADE DE CUIDADOS PROLONGADOS - ALA B;2024,0;12,0;1,0;3,0;0,3333333333333333
CSSI;UNIDADE URGÊNCIA/EMERGÊNCIA - OBSERVAÇÃO;2024,0;9,0;1,0;4,0;0,25
CSSI;UNIDADE URGÊNCIA/EMERGÊNCIA - OBSERVAÇÃO;2024,0;10,0;1,0;11,0;0,09090909090909091
CSSI;UNIDADE URGÊNCIA/EMERGÊNCIA - OBSERVAÇÃO;2024,0;11,0;1,0;10,0;0,1
CSSI;UNIDADE URGÊNCIA/EMERGÊNCIA - OBSERVAÇÃO;2024,0;12,0;1,0;7,0;0,14285714285714285
CSSI;UNIDADES DE CUIDADOS PROLONGADOS - UCP;2024,0;9,0;1,0;7,0;0,14285714285714285
CSSI;UNIDADES DE CUIDADOS PROLONGADOS - UCP;2024,0;10,0;1,0;4,0;0,25
CSSI;UNIDADES DE CUIDADOS PROLONGADOS - UCP;2024,0;11,0;1,0;6,0;0,16666666666666666
CSSI;UNIDADES DE CUIDADOS PROLONGADOS - UCP;2024,0;12,0;1,0;9,0;0,1111111111111111
HCM;UNIDADE DE CUIDADOS CONTINUADOS INTEGRADOS;2024,0;1,0;1,0;3,0;0,3333333333333333
HCM;UNIDADE DE CUIDADOS CONTINUADOS INTEGRADOS;2024,0;4,0;1,0;57,0;0,017543859649122806
HCM;UNIDADE DE CUIDADOS CONTINUADOS INTEGRADOS;2024,0;11,0;1,0;2,0;0,5
HCM;UNIDADE DE CUIDADOS CONTINUADOS INTEGRADOS;2024,0;12,0;1,0;9,0;0,1111111111111111
HRBJA;CLINICA CIRURGICA/HRB/CHB;2024,0;7,0;1,0;20,0;0,05
HRBJA;CLINICA CIRURGICA/HRB/CHB;2024,0;8,0;12,0;11,0;1,0909090909090908
HRBJA;CLINICA CIRURGICA/HRB/CHB;2024,0;9,0;74,0;14,0;5,285714285714286
HRBJA;CLINICA CIRURGICA/HRB/CHB;2024,0;10,0;107,0;18,0;5,944444444444445
HRBJA;CLINICA CIRURGICA/HRB/CHB;2024,0;11,0;91,0;59,0;1,5423728813559323
HRBJA;CLINICA CIRURGICA/HRB/CHB;2024,0;12,0;104,0;108,0;0,9629629629629629
HRBJA;CLINICA MEDICA/HRB/CHB;2024,0;7,0;1,0;9,0;0,1111111111111111
HRBJA;CLINICA MEDICA/HRB/CHB;2024,0;8,0;12,0;4,0;3,0
HRBJA;CLINICA MEDICA/HRB/CHB;2024,0;9,0;74,0;7,0;10,571428571428571
HRBJA;CLINICA MEDICA/HRB/CHB;2024,0;10,0;107,0;7,0;15,285714285714286
HRBJA;CLINICA MEDICA/HRB/CHB;2024,0;11,0;91,0;48,0;1,8958333333333333
HRBJA;CLINICA MEDICA/HRB/CHB;2024,0;12,0;104,0;72,0;1,4444444444444444
HRBJA;TRAUMATO-ORTOPEDIA CIRURGICA/CHPB/CHB;2024,0;7,0;1,0;8,0;0,125
HRBJA;TRAUMATO-ORTOPEDIA CIRURGICA/CHPB/CHB;2024,0;8,0;12,0;17,0;0,7058823529411765
HRBJA;TRAUMATO-ORTOPEDIA CIRURGICA/CHPB/CHB;2024,0;9,0;74,0;2,0;37,0
HRBJA;TRAUMATO-ORTOPEDIA CIRURGICA/CHPB/CHB;2024,0;10,0;107,0;5,0;21,4
HRBJA;TRAUMATO-ORTOPEDIA CIRURGICA/CHPB/CHB;2024,0;11,0;91,0;6,0;15,166666666666666
HRBJA;TRAUMATO-ORTOPEDIA CIRURGICA/CHPB/CHB;2024,0;12,0;104,0;15,0;6,933333333333334
HRBJA;UTI ADULTO/HRB/CHB;2024,0;7,0;1,0;4,0;0,25
HRBJA;UTI ADULTO/HRB/CHB;2024,0;8,0;12,0;2,0;6,0
HRBJA;UTI ADULTO/HRB/CHB;2024,0;9,0;74,0;1,0;74,0
HRBJA;UTI ADULTO/HRB/CHB;2024,0;10,0;107,0;7,0;15,285714285714286
HRBJA;UTI ADULTO/HRB/CHB;2024,0;11,0;91,0;21,0;4,333333333333333
HRBJA;UTI ADULTO/HRB/CHB;2024,0;12,0;104,0;43,0;2,4186046511627906
HRBJA;UUE/INTERNAÇÃO/HRB/CHB;2024,0;7,0;1,0;287,0;0,003484320557491289
HRBJA;UUE/INTERNAÇÃO/HRB/CHB;2024,0;8,0;12,0;341,0;0,03519061583577713
HRBJA;UUE/INTERNAÇÃO/HRB/CHB;2024,0;9,0;74,0;328,0;0,22560975609756098
HRBJA;UUE/INTERNAÇÃO/HRB/CHB;2024,0;10,0;107,0;177,0;0,6045197740112994
HRBJA;UUE/INTERNAÇÃO/HRB/CHB;2024,0;11,0;91,0;96,0;0,9479166666666666
HRBJA;UUE/INTERNAÇÃO/HRB/CHB;2024,0;12,0;104,0;36,0;2,888888888888889
HRJP;ALOJAMENTO CONJUNTO;2024,0;10,0;1,0;112,0;0,008928571428571428
HRJP;BLOCO CIRURGICO;2024,0;10,0;1,0;17,0;0,058823529411764705
HRJP;BLOCO OBSTÉTRICO;2024,0;10,0;1,0;28,0;0,03571428571428571
HRJP;UNIDADE INTERNAÇÃO - CLINICA CIRURGICA ALA A;2024,0;10,0;1,0;19,0;0,05263157894736842
HRJP;UNIDADE INTERNAÇÃO - CLINICA CIRURGICA ALA B;2024,0;10,0;1,0;3,0;0,3333333333333333
HRJP;UNIDADE INTERNAÇÃO - CLINICA CIRURGICA ALA C;2024,0;10,0;1,0;12,0;0,08333333333333333
HRJP;UNIDADE INTERNAÇÃO - CLINICA MÉDICA ALA A;2024,0;10,0;1,0;31,0;0,03225806451612903
HRJP;UNIDADE INTERNAÇÃO - CLINICA MÉDICA ALA B;2024,0;10,0;1,0;13,0;0,07692307692307693
HRJP;UNIDADE INTERNAÇÃO - CLINICA MÉDICA ALA C;2024,0;10,0;1,0;43,0;0,023255813953488372
HRJP;UNIDADE INTERNAÇÃO - CLINICA PEDIÁTRICA;2024,0;10,0;1,0;65,0;0,015384615384615385
HRJP;UNIDADE INTERNAÇÃO - CLINICA TISIOLÓGICA ALA B;2024,0;10,0;1,0;2,0;0,5
HRJP;UNIDADE INTERNAÇÃO - CLINICA TISIOLÓGICA ALA C;2024,0;10,0;1,0;5,0;0,2
HRJP;UNIDADE INTERNAÇÃO - PSIQUIATRIA ALA A;2024,0;10,0;1,0;17,0;0,058823529411764705
HRJP;UNIDADE INTERNAÇÃO - PSIQUIATRIA ALA C;2024,0;10,0;1,0;3,0;0,3333333333333333
HRJP;UTI -  PEDIATRICO;2024,0;10,0;1,0;7,0;0,14285714285714285
HRJP;UTI - ADULTO;2024,0;10,0;1,0;14,0;0,07142857142857142
HRJP;UTI - NEONATAL;2024,0;10,0;1,0;12,0;0,08333333333333333
IRS;ALA A;2024,0;1,0;90,0;4,0;22,5
IRS;ALA A;2024,0;2,0;72,0;4,0;18,0
IRS;ALA A;2024,0;3,0;86,0;4,0;21,5
IRS;ALA A;2024,0;4,0;76,0;2,0;38,0
IRS;ALA A;2024,0;5,0;82,0;1,0;82,0
IRS;ALA A;2024,0;6,0;90,0;1,0;90,0
IRS;ALA A;2024,0;8,0;86,0;1,0;86,0
IRS;ALA A;2024,0;10,0;95,0;2,0;47,5
IRS;ALA A;2024,0;11,0;82,0;1,0;82,0
IRS;ALA A;2024,0;12,0;81,0;1,0;81,0
IRS;ALA B;2024,0;1,0;90,0;10,0;9,0
IRS;ALA B;2024,0;2,0;72,0;6,0;12,0
IRS;ALA B;2024,0;3,0;86,0;6,0;14,333333333333334
IRS;ALA B;2024,0;6,0;90,0;1,0;90,0
IRS;ALA B;2024,0;8,0;86,0;1,0;86,0
IRS;ALA B;2024,0;9,0;60,0;1,0;60,0
IRS;ALA B;2024,0;10,0;95,0;3,0;31,666666666666668
IRS;ALA C;2024,0;1,0;90,0;3,0;30,0
IRS;ALA C;2024,0;2,0;72,0;2,0;36,0
IRS;ALA C;2024,0;3,0;86,0;3,0;28,666666666666668
IRS;ALA C;2024,0;4,0;76,0;1,0;76,0
IRS;ALA C;2024,0;5,0;82,0;1,0;82,0
IRS;ALA C;2024,0;6,0;90,0;1,0;90,0
IRS;ALA C;2024,0;8,0;86,0;4,0;21,5
IRS;ALA C;2024,0;9,0;60,0;2,0;30,0
IRS;ALA C;2024,0;10,0;95,0;2,0;47,5
IRS;ALA C;2024,0;11,0;82,0;1,0;82,0
IRS;ALA D;2024,0;1,0;90,0;1,0;90,0
IRS;ALA E;2024,0;1,0;90,0;2,0;45,0
IRS;ALA E;2024,0;2,0;72,0;2,0;36,0
IRS;ALA E;2024,0;3,0;86,0;2,0;43,0
IRS;ALA E;2024,0;5,0;82,0;1,0;82,0
IRS;ALA E;2024,0;6,0;90,0;1,0;90,0
IRS;ALA F;2024,0;2,0;72,0;1,0;72,0
IRS;UNIDADE URGÊNCIA/EMERGÊNCIA - OBSERVAÇÃO;2024,0;1,0;90,0;75,0;1,2
IRS;UNIDADE URGÊNCIA/EMERGÊNCIA - OBSERVAÇÃO;2024,0;2,0;72,0;60,0;1,2
IRS;UNIDADE URGÊNCIA/EMERGÊNCIA - OBSERVAÇÃO;2024,0;3,0;86,0;62,0;1,3870967741935485
IRS;UNIDADE URGÊNCIA/EMERGÊNCIA - OBSERVAÇÃO;2024,0;4,0;76,0;79,0;0,9620253164556962
IRS;UNIDADE URGÊNCIA/EMERGÊNCIA - OBSERVAÇÃO;2024,0;5,0;82,0;66,0;1,2424242424242424
IRS;UNIDADE URGÊNCIA/EMERGÊNCIA - OBSERVAÇÃO;2024,0;6,0;90,0;78,0;1,1538461538461537
IRS;UNIDADE URGÊNCIA/EMERGÊNCIA - OBSERVAÇÃO;2024,0;7,0;83,0;79,0;1,0506329113924051
IRS;UNIDADE URGÊNCIA/EMERGÊNCIA - OBSERVAÇÃO;2024,0;8,0;86,0;68,0;1,2647058823529411
IRS;UNIDADE URGÊNCIA/EMERGÊNCIA - OBSERVAÇÃO;2024,0;9,0;60,0;54,0;1,1111111111111112
IRS;UNIDADE URGÊNCIA/EMERGÊNCIA - OBSERVAÇÃO;2024,0;10,0;95,0;78,0;1,2179487179487178
IRS;UNIDADE URGÊNCIA/EMERGÊNCIA - OBSERVAÇÃO;2024,0;11,0;82,0;60,0;1,3666666666666667
IRS;UNIDADE URGÊNCIA/EMERGÊNCIA - OBSERVAÇÃO;2024,0;12,0;81,0;54,0;1,5
IRS;UTC - UNIDADE DE TRATAMENTO CLÍNICO;2024,0;1,0;90,0;1,0;90,0
IRS;UTC - UNIDADE DE TRATAMENTO CLÍNICO;2024,0;3,0;86,0;1,0;86,0
IRS;UTC - UNIDADE DE TRATAMENTO CLÍNICO;2024,0;8,0;86,0;1,0;86,0
CHPB;LAR INCLUSIVO A/CHPB/CHB;2025,0;9,0;14,0;1,0;14,0
CHPB;LAR INCLUSIVO B/CHPB/CHB;2025,0;1,0;39,0;3,0;13,0
CHPB;UIP-FEMININA/CHPB/CHB;2025,0;1,0;39,0;9,0;4,333333333333333
CHPB;UIP-FEMININA/CHPB/CHB;2025,0;2,0;34,0;14,0;2,4285714285714284
CHPB;UIP-FEMININA/CHPB/CHB;2025,0;3,0;19,0;11,0;1,7272727272727273
CHPB;UIP-FEMININA/CHPB/CHB;2025,0;4,0;22,0;8,0;2,75
CHPB;UIP-FEMININA/CHPB/CHB;2025,0;5,0;25,0;12,0;2,0833333333333335
CHPB;UIP-FEMININA/CHPB/CHB;2025,0;6,0;25,0;8,0;3,125
CHPB;UIP-FEMININA/CHPB/CHB;2025,0;7,0;28,0;12,0;2,3333333333333335
CHPB;UIP-FEMININA/CHPB/CHB;2025,0;8,0;17,0;8,0;2,125
CHPB;UIP-FEMININA/CHPB/CHB;2025,0;9,0;14,0;4,0;3,5
CHPB;UIP-FEMININA/CHPB/CHB;2025,0;10,0;21,0;6,0;3,5
CHPB;UIP-FEMININA/CHPB/CHB;2025,0;11,0;13,0;5,0;2,6
CHPB;UIP-FEMININA/CHPB/CHB;2025,0;12,0;22,0;9,0;2,4444444444444446
CHPB;UIP-MASCULINA/CHPB/CHB;2025,0;1,0;39,0;26,0;1,5
CHPB;UIP-MASCULINA/CHPB/CHB;2025,0;2,0;34,0;19,0;1,7894736842105263
CHPB;UIP-MASCULINA/CHPB/CHB;2025,0;3,0;19,0;11,0;1,7272727272727273
CHPB;UIP-MASCULINA/CHPB/CHB;2025,0;4,0;22,0;16,0;1,375
CHPB;UIP-MASCULINA/CHPB/CHB;2025,0;5,0;25,0;16,0;1,5625
CHPB;UIP-MASCULINA/CHPB/CHB;2025,0;6,0;25,0;18,0;1,3888888888888888
CHPB;UIP-MASCULINA/CHPB/CHB;2025,0;7,0;28,0;18,0;1,5555555555555556
CHPB;UIP-MASCULINA/CHPB/CHB;2025,0;8,0;17,0;13,0;1,3076923076923077
CHPB;UIP-MASCULINA/CHPB/CHB;2025,0;9,0;14,0;15,0;0,9333333333333333
CHPB;UIP-MASCULINA/CHPB/CHB;2025,0;10,0;21,0;14,0;1,5
CHPB;UIP-MASCULINA/CHPB/CHB;2025,0;11,0;13,0;11,0;1,1818181818181819
CHPB;UIP-MASCULINA/CHPB/CHB;2025,0;12,0;22,0;11,0;2,0
CHPB;UNIDADE DE CUIDADOS PROLONGADOS/CHPB/CHB;2025,0;1,0;39,0;17,0;2,2941176470588234
CHPB;UNIDADE DE CUIDADOS PROLONGADOS/CHPB/CHB;2025,0;2,0;34,0;17,0;2,0
CHPB;UNIDADE DE CUIDADOS PROLONGADOS/CHPB/CHB;2025,0;3,0;19,0;15,0;1,2666666666666666
CHPB;UNIDADE DE CUIDADOS PROLONGADOS/CHPB/CHB;2025,0;4,0;22,0;17,0;1,2941176470588236
CHPB;UNIDADE DE CUIDADOS PROLONGADOS/CHPB/CHB;2025,0;5,0;25,0;24,0;1,0416666666666667
CHPB;UNIDADE DE CUIDADOS PROLONGADOS/CHPB/CHB;2025,0;6,0;25,0;20,0;1,25
CHPB;UNIDADE DE CUIDADOS PROLONGADOS/CHPB/CHB;2025,0;7,0;28,0;29,0;0,9655172413793104
CHPB;UNIDADE DE CUIDADOS PROLONGADOS/CHPB/CHB;2025,0;8,0;17,0;18,0;0,9444444444444444
CHPB;UNIDADE DE CUIDADOS PROLONGADOS/CHPB/CHB;2025,0;9,0;14,0;13,0;1,0769230769230769
CHPB;UNIDADE DE CUIDADOS PROLONGADOS/CHPB/CHB;2025,0;10,0;21,0;20,0;1,05
CHPB;UNIDADE DE CUIDADOS PROLONGADOS/CHPB/CHB;2025,0;11,0;13,0;13,0;1,0
CHPB;UNIDADE DE CUIDADOS PROLONGADOS/CHPB/CHB;2025,0;12,0;22,0;22,0;1,0
CSSI;CLINICA MEDICA ALA A;2025,0;7,0;17,0;5,0;3,4
CSSI;CLINICA MEDICA ALA A;2025,0;8,0;20,0;19,0;1,0526315789473684
CSSI;CLINICA MEDICA ALA A;2025,0;9,0;29,0;11,0;2,6363636363636362
CSSI;CLINICA MEDICA ALA A;2025,0;10,0;19,0;6,0;3,1666666666666665
CSSI;CLINICA MEDICA ALA A;2025,0;11,0;22,0;3,0;7,333333333333333
CSSI;CLINICA MEDICA ALA A;2025,0;12,0;14,0;2,0;7,0
CSSI;CLÍNICA MÉDICA ALA C;2025,0;1,0;4,0;48,0;0,08333333333333333
CSSI;CLÍNICA MÉDICA ALA C;2025,0;2,0;1,0;41,0;0,024390243902439025
CSSI;CLÍNICA MÉDICA ALA C;2025,0;3,0;10,0;50,0;0,2
CSSI;CLÍNICA MÉDICA ALA C;2025,0;4,0;14,0;53,0;0,2641509433962264
CSSI;CLÍNICA MÉDICA ALA C;2025,0;5,0;24,0;50,0;0,48
CSSI;CLÍNICA MÉDICA ALA C;2025,0;6,0;28,0;51,0;0,5490196078431373
CSSI;CLÍNICA MÉDICA ALA C;2025,0;7,0;17,0;47,0;0,3617021276595745
CSSI;CLÍNICA MÉDICA ALA C;2025,0;8,0;20,0;13,0;1,5384615384615385
CSSI;CLÍNICA MÉDICA ALA C;2025,0;9,0;29,0;22,0;1,3181818181818181
CSSI;CLÍNICA MÉDICA ALA C;2025,0;10,0;19,0;47,0;0,40425531914893614
CSSI;CLÍNICA MÉDICA ALA C;2025,0;11,0;22,0;34,0;0,6470588235294118
CSSI;CLÍNICA MÉDICA ALA C;2025,0;12,0;14,0;40,0;0,35
CSSI;UNIDADE DE CUIDADOS PROLONGADOS - ALA A;2025,0;4,0;14,0;1,0;14,0
CSSI;UNIDADE DE CUIDADOS PROLONGADOS - ALA B;2025,0;1,0;4,0;1,0;4,0
CSSI;UNIDADE DE CUIDADOS PROLONGADOS - ALA B;2025,0;4,0;14,0;3,0;4,666666666666667
CSSI;UNIDADE DE CUIDADOS PROLONGADOS - ALA B;2025,0;5,0;24,0;3,0;8,0
CSSI;UNIDADE DE CUIDADOS PROLONGADOS - ALA B;2025,0;6,0;28,0;2,0;14,0
CSSI;UNIDADE DE CUIDADOS PROLONGADOS - ALA B;2025,0;7,0;17,0;1,0;17,0
CSSI;UNIDADE DE CUIDADOS PROLONGADOS - ALA B;2025,0;8,0;20,0;1,0;20,0
CSSI;UNIDADE DE CUIDADOS PROLONGADOS - ALA B;2025,0;11,0;22,0;2,0;11,0
CSSI;UNIDADE DE CUIDADOS PROLONGADOS - ALA B;2025,0;12,0;14,0;4,0;3,5
CSSI;UNIDADE URGÊNCIA/EMERGÊNCIA - OBSERVAÇÃO;2025,0;1,0;4,0;12,0;0,3333333333333333
CSSI;UNIDADE URGÊNCIA/EMERGÊNCIA - OBSERVAÇÃO;2025,0;2,0;1,0;24,0;0,041666666666666664
CSSI;UNIDADE URGÊNCIA/EMERGÊNCIA - OBSERVAÇÃO;2025,0;3,0;10,0;21,0;0,47619047619047616
CSSI;UNIDADE URGÊNCIA/EMERGÊNCIA - OBSERVAÇÃO;2025,0;4,0;14,0;7,0;2,0
CSSI;UNIDADE URGÊNCIA/EMERGÊNCIA - OBSERVAÇÃO;2025,0;5,0;24,0;2,0;12,0
CSSI;UNIDADE URGÊNCIA/EMERGÊNCIA - OBSERVAÇÃO;2025,0;6,0;28,0;6,0;4,666666666666667
CSSI;UNIDADE URGÊNCIA/EMERGÊNCIA - OBSERVAÇÃO;2025,0;7,0;17,0;9,0;1,8888888888888888
CSSI;UNIDADE URGÊNCIA/EMERGÊNCIA - OBSERVAÇÃO;2025,0;8,0;20,0;29,0;0,6896551724137931
CSSI;UNIDADE URGÊNCIA/EMERGÊNCIA - OBSERVAÇÃO;2025,0;9,0;29,0;33,0;0,8787878787878788
CSSI;UNIDADE URGÊNCIA/EMERGÊNCIA - OBSERVAÇÃO;2025,0;10,0;19,0;9,0;2,111111111111111
CSSI;UNIDADE URGÊNCIA/EMERGÊNCIA - OBSERVAÇÃO;2025,0;11,0;22,0;14,0;1,5714285714285714
CSSI;UNIDADE URGÊNCIA/EMERGÊNCIA - OBSERVAÇÃO;2025,0;12,0;14,0;12,0;1,1666666666666667
CSSI;UNIDADES DE CUIDADOS PROLONGADOS - UCP;2025,0;1,0;4,0;9,0;0,4444444444444444
CSSI;UNIDADES DE CUIDADOS PROLONGADOS - UCP;2025,0;2,0;1,0;3,0;0,3333333333333333
CSSI;UNIDADES DE CUIDADOS PROLONGADOS - UCP;2025,0;3,0;10,0;7,0;1,4285714285714286
CSSI;UNIDADES DE CUIDADOS PROLONGADOS - UCP;2025,0;4,0;14,0;6,0;2,3333333333333335
CSSI;UNIDADES DE CUIDADOS PROLONGADOS - UCP;2025,0;5,0;24,0;13,0;1,8461538461538463
CSSI;UNIDADES DE CUIDADOS PROLONGADOS - UCP;2025,0;6,0;28,0;7,0;4,0
CSSI;UNIDADES DE CUIDADOS PROLONGADOS - UCP;2025,0;7,0;17,0;3,0;5,666666666666667
CSSI;UNIDADES DE CUIDADOS PROLONGADOS - UCP;2025,0;8,0;20,0;5,0;4,0
CSSI;UNIDADES DE CUIDADOS PROLONGADOS - UCP;2025,0;9,0;29,0;8,0;3,625
CSSI;UNIDADES DE CUIDADOS PROLONGADOS - UCP;2025,0;10,0;19,0;5,0;3,8
CSSI;UNIDADES DE CUIDADOS PROLONGADOS - UCP;2025,0;11,0;22,0;10,0;2,2
CSSI;UNIDADES DE CUIDADOS PROLONGADOS - UCP;2025,0;12,0;14,0;4,0;3,5
HCM;UCC - ALA C;2025,0;11,0;1,0;5,0;0,2
HCM;UCC - ALA C;2025,0;12,0;3,0;9,0;0,3333333333333333
HCM;UICP - ALA A;2025,0;11,0;1,0;1,0;1,0
HCM;UICP - ALA A;2025,0;12,0;3,0;6,0;0,5
HCM;UICP - ALA B;2025,0;11,0;1,0;1,0;1,0
HCM;UICP - ALA B;2025,0;12,0;3,0;1,0;3,0
HCM;UNIDADE DE CUIDADOS CONTINUADOS INTEGRADOS;2025,0;2,0;1,0;11,0;0,09090909090909091
HCM;UNIDADE DE CUIDADOS CONTINUADOS INTEGRADOS;2025,0;3,0;1,0;8,0;0,125
HCM;UNIDADE DE CUIDADOS CONTINUADOS INTEGRADOS;2025,0;4,0;3,0;7,0;0,42857142857142855
HCM;UNIDADE DE CUIDADOS CONTINUADOS INTEGRADOS;2025,0;5,0;1,0;5,0;0,2
HCM;UNIDADE DE CUIDADOS CONTINUADOS INTEGRADOS;2025,0;6,0;3,0;7,0;0,42857142857142855
HCM;UNIDADE DE CUIDADOS CONTINUADOS INTEGRADOS;2025,0;7,0;1,0;8,0;0,125
HCM;UNIDADE DE CUIDADOS CONTINUADOS INTEGRADOS;2025,0;9,0;1,0;5,0;0,2
HCM;UNIDADE DE CUIDADOS CONTINUADOS INTEGRADOS;2025,0;10,0;1,0;1,0;1,0
HCM;UNIDADE INTERNAÇÃO - CLINICA CIRURGICA;2025,0;9,0;1,0;8,0;0,125
HCM;UNIDADE INTERNAÇÃO - CLINICA CIRURGICA;2025,0;10,0;1,0;9,0;0,1111111111111111
HCM;UNIDADE INTERNAÇÃO - CLINICA CIRURGICA;2025,0;11,0;1,0;7,0;0,14285714285714285
HEM;ALA A;2025,0;10,0;3,0;65,0;0,046153846153846156
HEM;ALA C;2025,0;10,0;3,0;60,0;0,05
HEM;ALA D;2025,0;10,0;3,0;47,0;0,06382978723404255
HEM;CTI - ADULTO;2025,0;10,0;3,0;21,0;0,14285714285714285
HRBJA;CLINICA CIRURGICA/HRB/CHB;2025,0;1,0;165,0;104,0;1,5865384615384615
HRBJA;CLINICA CIRURGICA/HRB/CHB;2025,0;2,0;207,0;79,0;2,6202531645569622
HRBJA;CLINICA CIRURGICA/HRB/CHB;2025,0;3,0;237,0;70,0;3,3857142857142857
HRBJA;CLINICA CIRURGICA/HRB/CHB;2025,0;4,0;221,0;92,0;2,402173913043478
HRBJA;CLINICA CIRURGICA/HRB/CHB;2025,0;5,0;211,0;103,0;2,0485436893203883
HRBJA;CLINICA CIRURGICA/HRB/CHB;2025,0;6,0;216,0;97,0;2,2268041237113403
HRBJA;CLINICA CIRURGICA/HRB/CHB;2025,0;7,0;215,0;101,0;2,128712871287129
HRBJA;CLINICA CIRURGICA/HRB/CHB;2025,0;8,0;212,0;91,0;2,32967032967033
HRBJA;CLINICA CIRURGICA/HRB/CHB;2025,0;9,0;183,0;76,0;2,4078947368421053
HRBJA;CLINICA CIRURGICA/HRB/CHB;2025,0;10,0;164,0;77,0;2,1298701298701297
HRBJA;CLINICA CIRURGICA/HRB/CHB;2025,0;11,0;154,0;78,0;1,9743589743589745
HRBJA;CLINICA CIRURGICA/HRB/CHB;2025,0;12,0;147,0;96,0;1,53125
HRBJA;CLINICA MEDICA/HRB/CHB;2025,0;1,0;165,0;55,0;3,0
HRBJA;CLINICA MEDICA/HRB/CHB;2025,0;2,0;207,0;37,0;5,594594594594595
HRBJA;CLINICA MEDICA/HRB/CHB;2025,0;3,0;237,0;49,0;4,836734693877551
HRBJA;CLINICA MEDICA/HRB/CHB;2025,0;4,0;221,0;50,0;4,42
HRBJA;CLINICA MEDICA/HRB/CHB;2025,0;5,0;211,0;65,0;3,246153846153846
HRBJA;CLINICA MEDICA/HRB/CHB;2025,0;6,0;216,0;47,0;4,595744680851064
HRBJA;CLINICA MEDICA/HRB/CHB;2025,0;7,0;215,0;56,0;3,8392857142857144
HRBJA;CLINICA MEDICA/HRB/CHB;2025,0;8,0;212,0;34,0;6,235294117647059
HRBJA;CLINICA MEDICA/HRB/CHB;2025,0;9,0;183,0;42,0;4,357142857142857
HRBJA;CLINICA MEDICA/HRB/CHB;2025,0;10,0;164,0;46,0;3,5652173913043477
HRBJA;CLINICA MEDICA/HRB/CHB;2025,0;11,0;154,0;37,0;4,162162162162162
HRBJA;CLINICA MEDICA/HRB/CHB;2025,0;12,0;147,0;37,0;3,972972972972973
HRBJA;TRAUMATO-ORTOPEDIA CIRURGICA/CHPB/CHB;2025,0;1,0;165,0;20,0;8,25
HRBJA;TRAUMATO-ORTOPEDIA CIRURGICA/CHPB/CHB;2025,0;2,0;207,0;4,0;51,75
HRBJA;TRAUMATO-ORTOPEDIA CIRURGICA/CHPB/CHB;2025,0;3,0;237,0;19,0;12,473684210526315
HRBJA;TRAUMATO-ORTOPEDIA CIRURGICA/CHPB/CHB;2025,0;4,0;221,0;8,0;27,625
HRBJA;TRAUMATO-ORTOPEDIA CIRURGICA/CHPB/CHB;2025,0;5,0;211,0;11,0;19,181818181818183
HRBJA;TRAUMATO-ORTOPEDIA CIRURGICA/CHPB/CHB;2025,0;6,0;216,0;8,0;27,0
HRBJA;TRAUMATO-ORTOPEDIA CIRURGICA/CHPB/CHB;2025,0;7,0;215,0;5,0;43,0
HRBJA;TRAUMATO-ORTOPEDIA CIRURGICA/CHPB/CHB;2025,0;8,0;212,0;24,0;8,833333333333334
HRBJA;TRAUMATO-ORTOPEDIA CIRURGICA/CHPB/CHB;2025,0;9,0;183,0;12,0;15,25
HRBJA;TRAUMATO-ORTOPEDIA CIRURGICA/CHPB/CHB;2025,0;11,0;154,0;6,0;25,666666666666668
HRBJA;TRAUMATO-ORTOPEDIA CIRURGICA/CHPB/CHB;2025,0;12,0;147,0;18,0;8,166666666666666
HRBJA;UTI ADULTO/HRB/CHB;2025,0;1,0;165,0;57,0;2,8947368421052633
HRBJA;UTI ADULTO/HRB/CHB;2025,0;2,0;207,0;48,0;4,3125
HRBJA;UTI ADULTO/HRB/CHB;2025,0;3,0;237,0;69,0;3,4347826086956523
HRBJA;UTI ADULTO/HRB/CHB;2025,0;4,0;221,0;61,0;3,622950819672131
HRBJA;UTI ADULTO/HRB/CHB;2025,0;5,0;211,0;48,0;4,395833333333333
HRBJA;UTI ADULTO/HRB/CHB;2025,0;6,0;216,0;73,0;2,958904109589041
HRBJA;UTI ADULTO/HRB/CHB;2025,0;7,0;215,0;50,0;4,3
HRBJA;UTI ADULTO/HRB/CHB;2025,0;8,0;212,0;63,0;3,365079365079365
HRBJA;UTI ADULTO/HRB/CHB;2025,0;9,0;183,0;44,0;4,159090909090909
HRBJA;UTI ADULTO/HRB/CHB;2025,0;10,0;164,0;51,0;3,215686274509804
HRBJA;UTI ADULTO/HRB/CHB;2025,0;11,0;154,0;54,0;2,8518518518518516
HRBJA;UTI ADULTO/HRB/CHB;2025,0;12,0;147,0;48,0;3,0625
HRBJA;UUE/INTERNAÇÃO/HRB/CHB;2025,0;1,0;165,0;49,0;3,36734693877551
HRBJA;UUE/INTERNAÇÃO/HRB/CHB;2025,0;2,0;207,0;75,0;2,76
HRBJA;UUE/INTERNAÇÃO/HRB/CHB;2025,0;3,0;237,0;73,0;3,2465753424657535
HRBJA;UUE/INTERNAÇÃO/HRB/CHB;2025,0;4,0;221,0;61,0;3,622950819672131
HRBJA;UUE/INTERNAÇÃO/HRB/CHB;2025,0;5,0;211,0;60,0;3,5166666666666666
HRBJA;UUE/INTERNAÇÃO/HRB/CHB;2025,0;6,0;216,0;48,0;4,5
HRBJA;UUE/INTERNAÇÃO/HRB/CHB;2025,0;7,0;215,0;80,0;2,6875
HRBJA;UUE/INTERNAÇÃO/HRB/CHB;2025,0;8,0;212,0;56,0;3,7857142857142856
HRBJA;UUE/INTERNAÇÃO/HRB/CHB;2025,0;9,0;183,0;65,0;2,8153846153846156
HRBJA;UUE/INTERNAÇÃO/HRB/CHB;2025,0;10,0;164,0;71,0;2,3098591549295775
HRBJA;UUE/INTERNAÇÃO/HRB/CHB;2025,0;11,0;154,0;79,0;1,9493670886075949
HRBJA;UUE/INTERNAÇÃO/HRB/CHB;2025,0;12,0;147,0;63,0;2,3333333333333335
IRS;ALA A;2025,0;3,0;94,0;3,0;31,333333333333332
IRS;ALA A;2025,0;4,0;93,0;5,0;18,6
IRS;ALA A;2025,0;5,0;77,0;2,0;38,5
IRS;ALA A;2025,0;7,0;85,0;2,0;42,5
IRS;ALA A;2025,0;10,0;107,0;1,0;107,0
IRS;ALA B;2025,0;3,0;94,0;1,0;94,0
IRS;ALA B;2025,0;4,0;93,0;2,0;46,5
IRS;ALA B;2025,0;6,0;91,0;2,0;45,5
IRS;ALA B;2025,0;10,0;107,0;1,0;107,0
IRS;ALA B;2025,0;11,0;79,0;1,0;79,0
IRS;ALA B;2025,0;12,0;81,0;1,0;81,0
IRS;ALA C;2025,0;1,0;101,0;3,0;33,666666666666664
IRS;ALA C;2025,0;2,0;67,0;1,0;67,0
IRS;ALA C;2025,0;3,0;94,0;3,0;31,333333333333332
IRS;ALA C;2025,0;4,0;93,0;4,0;23,25
IRS;ALA C;2025,0;5,0;77,0;1,0;77,0
IRS;ALA C;2025,0;8,0;81,0;2,0;40,5
IRS;ALA C;2025,0;10,0;107,0;2,0;53,5
IRS;ALA D;2025,0;3,0;94,0;1,0;94,0
IRS;ALA D;2025,0;4,0;93,0;2,0;46,5
IRS;ALA D;2025,0;5,0;77,0;3,0;25,666666666666668
IRS;ALA D;2025,0;9,0;86,0;1,0;86,0
IRS;UNIDADE URGÊNCIA/EMERGÊNCIA - OBSERVAÇÃO;2025,0;1,0;101,0;75,0;1,3466666666666667
IRS;UNIDADE URGÊNCIA/EMERGÊNCIA - OBSERVAÇÃO;2025,0;2,0;67,0;54,0;1,2407407407407407
IRS;UNIDADE URGÊNCIA/EMERGÊNCIA - OBSERVAÇÃO;2025,0;3,0;94,0;70,0;1,3428571428571427
IRS;UNIDADE URGÊNCIA/EMERGÊNCIA - OBSERVAÇÃO;2025,0;4,0;93,0;66,0;1,4090909090909092
IRS;UNIDADE URGÊNCIA/EMERGÊNCIA - OBSERVAÇÃO;2025,0;5,0;77,0;67,0;1,1492537313432836
IRS;UNIDADE URGÊNCIA/EMERGÊNCIA - OBSERVAÇÃO;2025,0;6,0;91,0;80,0;1,1375
IRS;UNIDADE URGÊNCIA/EMERGÊNCIA - OBSERVAÇÃO;2025,0;7,0;85,0;71,0;1,1971830985915493
IRS;UNIDADE URGÊNCIA/EMERGÊNCIA - OBSERVAÇÃO;2025,0;8,0;81,0;69,0;1,173913043478261
IRS;UNIDADE URGÊNCIA/EMERGÊNCIA - OBSERVAÇÃO;2025,0;9,0;86,0;72,0;1,1944444444444444
IRS;UNIDADE URGÊNCIA/EMERGÊNCIA - OBSERVAÇÃO;2025,0;10,0;107,0;91,0;1,1758241758241759
IRS;UNIDADE URGÊNCIA/EMERGÊNCIA - OBSERVAÇÃO;2025,0;11,0;79,0;64,0;1,234375
IRS;UNIDADE URGÊNCIA/EMERGÊNCIA - OBSERVAÇÃO;2025,0;12,0;81,0;67,0;1,208955223880597
IRS;UTC - UNIDADE DE TRATAMENTO CLÍNICO;2025,0;4,0;93,0;2,0;46,5
IRS;UTC - UNIDADE DE TRATAMENTO CLÍNICO;2025,0;9,0;86,0;1,0;86,0
MOV;ALOJAMENTO CONJUNTO;2025,0;11,0;1,0;66,0;0,015151515151515152
MOV;ALOJAMENTO CONJUNTO;2025,0;12,0;1,0;77,0;0,012987012987012988
MOV;CLINICA CIRÚRGICA;2025,0;11,0;1,0;126,0;0,007936507936507936
MOV;CLINICA CIRÚRGICA;2025,0;12,0;1,0;98,0;0,01020408163265306
MOV;PRÉ-PARTO;2025,0;11,0;1,0;196,0;0,00510204081632653
MOV;PRÉ-PARTO;2025,0;12,0;1,0;214,0;0,004672897196261682
MOV;UNIDADE DE CUIDADO INTERMEDIÁRIO NEONATAL CONVENCIONAL;2025,0;11,0;1,0;18,0;0,05555555555555555
MOV;UNIDADE DE CUIDADO INTERMEDIÁRIO NEONATAL CONVENCIONAL;2025,0;12,0;1,0;19,0;0,05263157894736842
MOV;UNIDADE INTERNACAO ALTO-RISCO OBSTETRICO;2025,0;11,0;1,0;66,0;0,015151515151515152
MOV;UNIDADE INTERNACAO ALTO-RISCO OBSTETRICO;2025,0;12,0;1,0;71,0;0,014084507042253521
MOV;UTI - ADULTO;2025,0;11,0;1,0;36,0;0,027777777777777776
MOV;UTI - ADULTO;2025,0;12,0;1,0;40,0;0,025
MOV;UTI - NEONATAL;2025,0;11,0;1,0;20,0;0,05
MOV;UTI - NEONATAL;2025,0;12,0;1,0;14,0;0,07142857142857142
CHPB;LAR INCLUSIVO A/CHPB/CHB;2026,0;2,0;19,0;1,0;19,0
CHPB;LAR INCLUSIVO B/CHPB/CHB;2026,0;3,0;22,0;1,0;22,0
CHPB;UIP-FEMININA/CHPB/CHB;2026,0;1,0;19,0;8,0;2,375
CHPB;UIP-FEMININA/CHPB/CHB;2026,0;2,0;19,0;9,0;2,111111111111111
CHPB;UIP-FEMININA/CHPB/CHB;2026,0;3,0;22,0;9,0;2,4444444444444446
CHPB;UIP-FEMININA/CHPB/CHB;2026,0;4,0;26,0;3,0;8,666666666666666
CHPB;UIP-FEMININA/CHPB/CHB;2026,0;5,0;15,0;10,0;1,5
CHPB;UIP-FEMININA/CHPB/CHB;2026,0;6,0;25,0;9,0;2,7777777777777777
CHPB;UIP-FEMININA/CHPB/CHB;2026,0;7,0;25,0;7,0;3,5714285714285716
CHPB;UIP-FEMININA/CHPB/CHB;2026,0;8,0;13,0;14,0;0,9285714285714286
CHPB;UIP-MASCULINA/CHPB/CHB;2026,0;1,0;19,0;15,0;1,2666666666666666
CHPB;UIP-MASCULINA/CHPB/CHB;2026,0;2,0;19,0;14,0;1,3571428571428572
CHPB;UIP-MASCULINA/CHPB/CHB;2026,0;3,0;22,0;13,0;1,6923076923076923
CHPB;UIP-MASCULINA/CHPB/CHB;2026,0;4,0;26,0;11,0;2,3636363636363638
CHPB;UIP-MASCULINA/CHPB/CHB;2026,0;5,0;15,0;7,0;2,142857142857143
CHPB;UIP-MASCULINA/CHPB/CHB;2026,0;6,0;25,0;10,0;2,5
CHPB;UIP-MASCULINA/CHPB/CHB;2026,0;7,0;25,0;14,0;1,7857142857142858
CHPB;UIP-MASCULINA/CHPB/CHB;2026,0;8,0;13,0;14,0;0,9285714285714286
CHPB;UNIDADE DE CUIDADOS PROLONGADOS/CHPB/CHB;2026,0;1,0;19,0;19,0;1,0
CHPB;UNIDADE DE CUIDADOS PROLONGADOS/CHPB/CHB;2026,0;2,0;19,0;18,0;1,0555555555555556
CHPB;UNIDADE DE CUIDADOS PROLONGADOS/CHPB/CHB;2026,0;3,0;22,0;22,0;1,0
CHPB;UNIDADE DE CUIDADOS PROLONGADOS/CHPB/CHB;2026,0;4,0;26,0;28,0;0,9285714285714286
CHPB;UNIDADE DE CUIDADOS PROLONGADOS/CHPB/CHB;2026,0;5,0;15,0;14,0;1,0714285714285714
CHPB;UNIDADE DE CUIDADOS PROLONGADOS/CHPB/CHB;2026,0;6,0;25,0;25,0;1,0
CHPB;UNIDADE DE CUIDADOS PROLONGADOS/CHPB/CHB;2026,0;7,0;25,0;26,0;0,9615384615384616
CHPB;UNIDADE DE CUIDADOS PROLONGADOS/CHPB/CHB;2026,0;8,0;13,0;15,0;0,8666666666666667
CSSI;CLINICA MEDICA ALA A;2026,0;1,0;15,0;1,0;15,0
CSSI;CLINICA MEDICA ALA A;2026,0;2,0;18,0;5,0;3,6
CSSI;CLINICA MEDICA ALA A;2026,0;4,0;27,0;4,0;6,75
CSSI;CLINICA MEDICA ALA A;2026,0;5,0;18,0;3,0;6,0
CSSI;CLINICA MEDICA ALA A;2026,0;6,0;23,0;2,0;11,5
CSSI;CLINICA MEDICA ALA A;2026,0;7,0;17,0;3,0;5,666666666666667
CSSI;CLINICA MEDICA ALA A;2026,0;8,0;17,0;2,0;8,5
CSSI;CLÍNICA MÉDICA ALA B;2026,0;5,0;18,0;1,0;18,0
CSSI;CLÍNICA MÉDICA ALA C;2026,0;1,0;15,0;25,0;0,6
CSSI;CLÍNICA MÉDICA ALA C;2026,0;2,0;18,0;40,0;0,45
CSSI;CLÍNICA MÉDICA ALA C;2026,0;3,0;16,0;39,0;0,41025641025641024
CSSI;CLÍNICA MÉDICA ALA C;2026,0;4,0;27,0;34,0;0,7941176470588235
CSSI;CLÍNICA MÉDICA ALA C;2026,0;5,0;18,0;37,0;0,4864864864864865
CSSI;CLÍNICA MÉDICA ALA C;2026,0;6,0;23,0;40,0;0,575
CSSI;CLÍNICA MÉDICA ALA C;2026,0;7,0;17,0;21,0;0,8095238095238095
CSSI;CLÍNICA MÉDICA ALA C;2026,0;8,0;17,0;36,0;0,4722222222222222
CSSI;UNIDADE DE CUIDADOS PROLONGADOS - ALA A;2026,0;3,0;16,0;1,0;16,0
CSSI;UNIDADE DE CUIDADOS PROLONGADOS - ALA A;2026,0;5,0;18,0;1,0;18,0
CSSI;UNIDADE DE CUIDADOS PROLONGADOS - ALA A;2026,0;7,0;17,0;1,0;17,0
CSSI;UNIDADE DE CUIDADOS PROLONGADOS - ALA A;2026,0;8,0;17,0;1,0;17,0
CSSI;UNIDADE DE CUIDADOS PROLONGADOS - ALA B;2026,0;1,0;15,0;1,0;15,0
CSSI;UNIDADE DE CUIDADOS PROLONGADOS - ALA B;2026,0;3,0;16,0;2,0;8,0
CSSI;UNIDADE DE CUIDADOS PROLONGADOS - ALA B;2026,0;4,0;27,0;2,0;13,5
CSSI;UNIDADE DE CUIDADOS PROLONGADOS - ALA B;2026,0;5,0;18,0;5,0;3,6
CSSI;UNIDADE DE CUIDADOS PROLONGADOS - ALA B;2026,0;6,0;23,0;1,0;23,0
CSSI;UNIDADE DE CUIDADOS PROLONGADOS - ALA B;2026,0;7,0;17,0;1,0;17,0
CSSI;UNIDADE DE CUIDADOS PROLONGADOS - ALA B;2026,0;8,0;17,0;1,0;17,0
CSSI;UNIDADE URGÊNCIA/EMERGÊNCIA - OBSERVAÇÃO;2026,0;1,0;15,0;33,0;0,45454545454545453
CSSI;UNIDADE URGÊNCIA/EMERGÊNCIA - OBSERVAÇÃO;2026,0;2,0;18,0;24,0;0,75
CSSI;UNIDADE URGÊNCIA/EMERGÊNCIA - OBSERVAÇÃO;2026,0;3,0;16,0;29,0;0,5517241379310345
CSSI;UNIDADE URGÊNCIA/EMERGÊNCIA - OBSERVAÇÃO;2026,0;4,0;27,0;22,0;1,2272727272727273
CSSI;UNIDADE URGÊNCIA/EMERGÊNCIA - OBSERVAÇÃO;2026,0;5,0;18,0;12,0;1,5
CSSI;UNIDADE URGÊNCIA/EMERGÊNCIA - OBSERVAÇÃO;2026,0;6,0;23,0;17,0;1,3529411764705883
CSSI;UNIDADE URGÊNCIA/EMERGÊNCIA - OBSERVAÇÃO;2026,0;7,0;17,0;37,0;0,4594594594594595
CSSI;UNIDADE URGÊNCIA/EMERGÊNCIA - OBSERVAÇÃO;2026,0;8,0;17,0;3,0;5,666666666666667
CSSI;UNIDADES DE CUIDADOS PROLONGADOS - UCP;2026,0;1,0;15,0;3,0;5,0
CSSI;UNIDADES DE CUIDADOS PROLONGADOS - UCP;2026,0;2,0;18,0;7,0;2,5714285714285716
CSSI;UNIDADES DE CUIDADOS PROLONGADOS - UCP;2026,0;3,0;16,0;4,0;4,0
CSSI;UNIDADES DE CUIDADOS PROLONGADOS - UCP;2026,0;4,0;27,0;12,0;2,25
CSSI;UNIDADES DE CUIDADOS PROLONGADOS - UCP;2026,0;5,0;18,0;5,0;3,6
CSSI;UNIDADES DE CUIDADOS PROLONGADOS - UCP;2026,0;6,0;23,0;8,0;2,875
CSSI;UNIDADES DE CUIDADOS PROLONGADOS - UCP;2026,0;7,0;17,0;3,0;5,666666666666667
CSSI;UNIDADES DE CUIDADOS PROLONGADOS - UCP;2026,0;8,0;17,0;7,0;2,4285714285714284
HCM;UCC - ALA C;2026,0;1,0;4,0;12,0;0,3333333333333333
HCM;UCC - ALA C;2026,0;2,0;3,0;27,0;0,1111111111111111
HCM;UCC - ALA C;2026,0;4,0;7,0;50,0;0,14
HCM;UCC - ALA C;2026,0;5,0;6,0;45,0;0,13333333333333333
HCM;UCC - ALA C;2026,0;6,0;9,0;56,0;0,16071428571428573
HCM;UCC - ALA C;2026,0;7,0;7,0;72,0;0,09722222222222222
HCM;UCC - ALA C;2026,0;8,0;8,0;76,0;0,10526315789473684
HCM;UICP - ALA A;2026,0;1,0;4,0;2,0;2,0
HCM;UICP - ALA A;2026,0;2,0;3,0;4,0;0,75
HCM;UICP - ALA A;2026,0;4,0;7,0;3,0;2,3333333333333335
HCM;UICP - ALA A;2026,0;5,0;6,0;5,0;1,2
HCM;UICP - ALA A;2026,0;6,0;9,0;6,0;1,5
HCM;UICP - ALA A;2026,0;7,0;7,0;6,0;1,1666666666666667
HCM;UICP - ALA A;2026,0;8,0;8,0;5,0;1,6
HCM;UICP - ALA B;2026,0;1,0;4,0;5,0;0,8
HCM;UICP - ALA B;2026,0;2,0;3,0;3,0;1,0
HCM;UICP - ALA B;2026,0;4,0;7,0;5,0;1,4
HCM;UICP - ALA B;2026,0;5,0;6,0;1,0;6,0
HCM;UICP - ALA B;2026,0;6,0;9,0;3,0;3,0
HCM;UICP - ALA B;2026,0;7,0;7,0;2,0;3,5
HCM;UICP - ALA B;2026,0;8,0;8,0;4,0;2,0
HEM;ALA A;2026,0;2,0;1,0;53,0;0,018867924528301886
HEM;ALA A;2026,0;4,0;1,0;60,0;0,016666666666666666
HEM;ALA C;2026,0;2,0;1,0;50,0;0,02
HEM;ALA C;2026,0;4,0;1,0;56,0;0,017857142857142856
HEM;ALA D;2026,0;2,0;1,0;35,0;0,02857142857142857
HEM;ALA D;2026,0;4,0;1,0;31,0;0,03225806451612903
HEM;CTI - ADULTO;2026,0;2,0;1,0;14,0;0,07142857142857142
HEM;CTI - ADULTO;2026,0;4,0;1,0;17,0;0,058823529411764705
HJK;ALOJAMENTO CONJUNTO;2026,0;2,0;1,0;83,0;0,012048192771084338
HJK;BLOCO CIRURGICO;2026,0;2,0;1,0;11,0;0,09090909090909091
HJK;CLINICA CIRÚRGICA - ALA A;2026,0;2,0;1,0;28,0;0,03571428571428571
HJK;CLINICA MÉDICA - ALA E;2026,0;2,0;1,0;5,0;0,2
HJK;CLINICA MÉDICA - ALA G;2026,0;2,0;1,0;4,0;0,25
HJK;CLINICA PNEUMOLÓGICA - ALA D;2026,0;2,0;1,0;9,0;0,1111111111111111
HJK;PRÉ PARTO / PPP;2026,0;2,0;1,0;31,0;0,03225806451612903
HJK;PRÉ-PARTO;2026,0;2,0;1,0;143,0;0,006993006993006993
HJK;UCI - UNIDADE DE CUIDADO INTERMEDIARIO NEONATAL CANGURU;2026,0;2,0;1,0;4,0;0,25
HJK;UCI - UNIDADE DE CUIDADO INTERMEDIARIO NEONATAL CONVENCIONAL;2026,0;2,0;1,0;1,0;1,0
HJK;UE - INTERNAÇÃO SALA DE EMERGÊNCIA;2026,0;2,0;1,0;10,0;0,1
HJK;UE - INTERNAÇÃO SALA DE MEDICAÇÃO;2026,0;2,0;1,0;14,0;0,07142857142857142
HJK;UE - INTERNAÇÃO UDC-CRD;2026,0;2,0;1,0;55,0;0,01818181818181818
HJK;UNIDADE INTERNAÇÃO - CLINICA CIRURGICA;2026,0;2,0;1,0;76,0;0,013157894736842105
HJK;UNIDADE INTERNAÇÃO - CLINICA MÉDICA;2026,0;2,0;1,0;1,0;1,0
HJK;UNIDADE INTERNAÇÃO - CLINICA PNEUMOLOGICA;2026,0;2,0;1,0;22,0;0,045454545454545456
HJK;UNIDADE INTERNAÇÃO - CLINICA TISIOLÓGICA;2026,0;2,0;1,0;2,0;0,5
HJK;UNIDADE URGENCIA/EMERGENCIA;2026,0;2,0;1,0;262,0;0,003816793893129771
HJK;UTI - ADULTO;2026,0;2,0;1,0;16,0;0,0625
HJK;UTI - NEONATAL;2026,0;2,0;1,0;11,0;0,09090909090909091
HRBJA;BOARDING/HRB/CHB;2026,0;3,0;192,0;3,0;64,0
HRBJA;BOARDING/HRB/CHB;2026,0;4,0;168,0;10,0;16,8
HRBJA;BOARDING/HRB/CHB;2026,0;5,0;147,0;5,0;29,4
HRBJA;BOARDING/HRB/CHB;2026,0;6,0;109,0;5,0;21,8
HRBJA;BOARDING/HRB/CHB;2026,0;7,0;136,0;9,0;15,11111111111111
HRBJA;BOARDING/HRB/CHB;2026,0;8,0;84,0;7,0;12,0
HRBJA;CLINICA CIRURGICA/HRB/CHB;2026,0;1,0;128,0;94,0;1,3617021276595744
HRBJA;CLINICA CIRURGICA/HRB/CHB;2026,0;2,0;120,0;117,0;1,0256410256410255
HRBJA;CLINICA CIRURGICA/HRB/CHB;2026,0;3,0;192,0;122,0;1,5737704918032787
HRBJA;CLINICA CIRURGICA/HRB/CHB;2026,0;4,0;168,0;103,0;1,6310679611650485
HRBJA;CLINICA CIRURGICA/HRB/CHB;2026,0;5,0;147,0;126,0;1,1666666666666667
HRBJA;CLINICA CIRURGICA/HRB/CHB;2026,0;6,0;109,0;107,0;1,0186915887850467
HRBJA;CLINICA CIRURGICA/HRB/CHB;2026,0;7,0;136,0;110,0;1,2363636363636363
HRBJA;CLINICA CIRURGICA/HRB/CHB;2026,0;8,0;84,0;95,0;0,8842105263157894
HRBJA;CLINICA MEDICA/HRB/CHB;2026,0;1,0;128,0;37,0;3,4594594594594597
HRBJA;CLINICA MEDICA/HRB/CHB;2026,0;2,0;120,0;59,0;2,0338983050847457
HRBJA;CLINICA MEDICA/HRB/CHB;2026,0;3,0;192,0;40,0;4,8
HRBJA;CLINICA MEDICA/HRB/CHB;2026,0;4,0;168,0;25,0;6,72
HRBJA;CLINICA MEDICA/HRB/CHB;2026,0;5,0;147,0;21,0;7,0
HRBJA;CLINICA MEDICA/HRB/CHB;2026,0;6,0;109,0;36,0;3,0277777777777777
HRBJA;CLINICA MEDICA/HRB/CHB;2026,0;7,0;136,0;29,0;4,689655172413793
HRBJA;CLINICA MEDICA/HRB/CHB;2026,0;8,0;84,0;20,0;4,2
HRBJA;TRAUMATO-ORTOPEDIA CIRURGICA/CHPB/CHB;2026,0;1,0;128,0;12,0;10,666666666666666
HRBJA;TRAUMATO-ORTOPEDIA CIRURGICA/CHPB/CHB;2026,0;2,0;120,0;25,0;4,8
HRBJA;TRAUMATO-ORTOPEDIA CIRURGICA/CHPB/CHB;2026,0;3,0;192,0;22,0;8,727272727272727
HRBJA;TRAUMATO-ORTOPEDIA CIRURGICA/CHPB/CHB;2026,0;4,0;168,0;29,0;5,793103448275862
HRBJA;TRAUMATO-ORTOPEDIA CIRURGICA/CHPB/CHB;2026,0;5,0;147,0;21,0;7,0
HRBJA;TRAUMATO-ORTOPEDIA CIRURGICA/CHPB/CHB;2026,0;6,0;109,0;37,0;2,945945945945946
HRBJA;TRAUMATO-ORTOPEDIA CIRURGICA/CHPB/CHB;2026,0;7,0;136,0;23,0;5,913043478260869
HRBJA;TRAUMATO-ORTOPEDIA CIRURGICA/CHPB/CHB;2026,0;8,0;84,0;24,0;3,5
HRBJA;UAVC-AGUDO/HRB/CHB;2026,0;3,0;192,0;25,0;7,68
HRBJA;UAVC-AGUDO/HRB/CHB;2026,0;4,0;168,0;34,0;4,9411764705882355
HRBJA;UAVC-AGUDO/HRB/CHB;2026,0;5,0;147,0;30,0;4,9
HRBJA;UAVC-AGUDO/HRB/CHB;2026,0;6,0;109,0;42,0;2,5952380952380953
HRBJA;UAVC-AGUDO/HRB/CHB;2026,0;7,0;136,0;40,0;3,4
HRBJA;UAVC-AGUDO/HRB/CHB;2026,0;8,0;84,0;47,0;1,7872340425531914
HRBJA;UCR-CIRURGICA/HRB/CHB;2026,0;3,0;192,0;34,0;5,647058823529412
HRBJA;UCR-CIRURGICA/HRB/CHB;2026,0;4,0;168,0;43,0;3,9069767441860463
HRBJA;UCR-CIRURGICA/HRB/CHB;2026,0;5,0;147,0;43,0;3,4186046511627906
HRBJA;UCR-CIRURGICA/HRB/CHB;2026,0;6,0;109,0;38,0;2,8684210526315788
HRBJA;UCR-CIRURGICA/HRB/CHB;2026,0;7,0;136,0;36,0;3,7777777777777777
HRBJA;UCR-CIRURGICA/HRB/CHB;2026,0;8,0;84,0;36,0;2,3333333333333335
HRBJA;UTI ADULTO/HRB/CHB;2026,0;1,0;128,0;45,0;2,8444444444444446
HRBJA;UTI ADULTO/HRB/CHB;2026,0;2,0;120,0;35,0;3,4285714285714284
HRBJA;UTI ADULTO/HRB/CHB;2026,0;3,0;192,0;57,0;3,3684210526315788
HRBJA;UTI ADULTO/HRB/CHB;2026,0;4,0;168,0;49,0;3,4285714285714284
HRBJA;UTI ADULTO/HRB/CHB;2026,0;5,0;147,0;46,0;3,1956521739130435
HRBJA;UTI ADULTO/HRB/CHB;2026,0;6,0;109,0;36,0;3,0277777777777777
HRBJA;UTI ADULTO/HRB/CHB;2026,0;7,0;136,0;43,0;3,1627906976744184
HRBJA;UTI ADULTO/HRB/CHB;2026,0;8,0;84,0;35,0;2,4
HRBJA;UUE/INTERNAÇÃO/HRB/CHB;2026,0;1,0;128,0;85,0;1,5058823529411764
HRBJA;UUE/INTERNAÇÃO/HRB/CHB;2026,0;2,0;120,0;86,0;1,3953488372093024
HRBJA;UUE/INTERNAÇÃO/HRB/CHB;2026,0;3,0;192,0;22,0;8,727272727272727
HRBJA;UUE/INTERNAÇÃO/HRB/CHB;2026,0;6,0;109,0;1,0;109,0
HRBJA;UUE/INTERNAÇÃO/HRB/CHB;2026,0;7,0;136,0;1,0;136,0
HRBJA;UUE/INTERNAÇÃO/HRB/CHB;2026,0;8,0;84,0;5,0;16,8
HRJP;ALOJAMENTO CONJUNTO /UNIDADE DE INTERNAÇÃO;2026,0;6,0;1,0;88,0;0,011363636363636364
HRJP;PRÉ-PARTO;2026,0;6,0;1,0;81,0;0,012345679012345678
HRJP;UNIDADE DE INTERNAÇÃO - CLÍNICA DIP ALA C;2026,0;6,0;1,0;25,0;0,04
HRJP;UNIDADE INTERNAÇÃO - CLÍNICA CIRÚRGICA ALA A;2026,0;6,0;1,0;1,0;1,0
HRJP;UNIDADE INTERNAÇÃO - CLÍNICA CIRÚRGICA ALA B;2026,0;6,0;1,0;22,0;0,045454545454545456
HRJP;UNIDADE INTERNAÇÃO - CLÍNICA CIRÚRGICA ALA C;2026,0;6,0;1,0;33,0;0,030303030303030304
HRJP;UNIDADE INTERNAÇÃO - CLÍNICA MÉDICA ALA A;2026,0;6,0;1,0;1,0;1,0
HRJP;UNIDADE INTERNAÇÃO - CLÍNICA MÉDICA ALA B;2026,0;6,0;1,0;81,0;0,012345679012345678
HRJP;UNIDADE INTERNAÇÃO - CLÍNICA MÉDICA ALA C;2026,0;6,0;1,0;38,0;0,02631578947368421
HRJP;UNIDADE INTERNAÇÃO - CLÍNICA PEDIÁTRICA;2026,0;6,0;1,0;40,0;0,025
HRJP;UNIDADE INTERNAÇÃO - CLÍNICA PSIQUIÁTRICA ALA C;2026,0;6,0;1,0;1,0;1,0
HRJP;UNIDADE INTERNAÇÃO - CLÍNICA TISIOLÓGICA ALA B;2026,0;6,0;1,0;2,0;0,5
HRJP;UNIDADE INTERNAÇÃO - CLÍNICA TISIOLÓGICA ALA C;2026,0;6,0;1,0;8,0;0,125
HRJP;UTI - ADULTO;2026,0;6,0;1,0;30,0;0,03333333333333333
HRJP;UTI - NEONATAL I;2026,0;6,0;1,0;13,0;0,07692307692307693
HRJP;UTI - PEDIÁTRICO;2026,0;6,0;1,0;22,0;0,045454545454545456
IRS;ALA A;2026,0;1,0;75,0;2,0;37,5
IRS;ALA A;2026,0;4,0;88,0;1,0;88,0
IRS;ALA A;2026,0;6,0;92,0;1,0;92,0
IRS;ALA A;2026,0;7,0;96,0;1,0;96,0
IRS;ALA A;2026,0;8,0;86,0;1,0;86,0
IRS;ALA B;2026,0;1,0;75,0;1,0;75,0
IRS;ALA B;2026,0;2,0;77,0;2,0;38,5
IRS;ALA B;2026,0;3,0;91,0;1,0;91,0
IRS;ALA B;2026,0;6,0;92,0;2,0;46,0
IRS;ALA B;2026,0;8,0;86,0;1,0;86,0
IRS;ALA C;2026,0;1,0;75,0;1,0;75,0
IRS;ALA C;2026,0;7,0;96,0;1,0;96,0
IRS;ALA D;2026,0;1,0;75,0;1,0;75,0
IRS;ALA D;2026,0;2,0;77,0;2,0;38,5
IRS;ALA D;2026,0;3,0;91,0;1,0;91,0
IRS;ALA D;2026,0;4,0;88,0;1,0;88,0
IRS;ALA D;2026,0;6,0;92,0;2,0;46,0
IRS;ALA D;2026,0;7,0;96,0;1,0;96,0
IRS;UNIDADE URGÊNCIA/EMERGÊNCIA - OBSERVAÇÃO;2026,0;1,0;75,0;65,0;1,1538461538461537
IRS;UNIDADE URGÊNCIA/EMERGÊNCIA - OBSERVAÇÃO;2026,0;2,0;77,0;67,0;1,1492537313432836
IRS;UNIDADE URGÊNCIA/EMERGÊNCIA - OBSERVAÇÃO;2026,0;3,0;91,0;84,0;1,0833333333333333
IRS;UNIDADE URGÊNCIA/EMERGÊNCIA - OBSERVAÇÃO;2026,0;4,0;88,0;71,0;1,2394366197183098
IRS;UNIDADE URGÊNCIA/EMERGÊNCIA - OBSERVAÇÃO;2026,0;5,0;94,0;88,0;1,0681818181818181
IRS;UNIDADE URGÊNCIA/EMERGÊNCIA - OBSERVAÇÃO;2026,0;6,0;92,0;74,0;1,2432432432432432
IRS;UNIDADE URGÊNCIA/EMERGÊNCIA - OBSERVAÇÃO;2026,0;7,0;96,0;84,0;1,1428571428571428
IRS;UNIDADE URGÊNCIA/EMERGÊNCIA - OBSERVAÇÃO;2026,0;8,0;86,0;75,0;1,1466666666666667
IRS;UTC - UNIDADE DE TRATAMENTO CLÍNICO;2026,0;6,0;92,0;1,0;92,0
IRS;UTC - UNIDADE DE TRATAMENTO CLÍNICO;2026,0;8,0;86,0;1,0;86,0
MOV;ALOJAMENTO CONJUNTO;2026,0;4,0;61,0;85,0;0,7176470588235294
MOV;ALOJAMENTO CONJUNTO;2026,0;5,0;92,0;97,0;0,9484536082474226
MOV;ALOJAMENTO CONJUNTO;2026,0;6,0;9,0;92,0;0,09782608695652174
MOV;ALOJAMENTO CONJUNTO;2026,0;8,0;28,0;93,0;0,3010752688172043
MOV;CLINICA CIRÚRGICA;2026,0;4,0;61,0;129,0;0,4728682170542636
MOV;CLINICA CIRÚRGICA;2026,0;5,0;92,0;144,0;0,6388888888888888
MOV;CLINICA CIRÚRGICA;2026,0;6,0;9,0;134,0;0,06716417910447761
MOV;CLINICA CIRÚRGICA;2026,0;8,0;28,0;149,0;0,18791946308724833
MOV;PRÉ-PARTO;2026,0;4,0;61,0;211,0;0,2890995260663507
MOV;PRÉ-PARTO;2026,0;5,0;92,0;217,0;0,423963133640553
MOV;PRÉ-PARTO;2026,0;6,0;9,0;228,0;0,039473684210526314
MOV;PRÉ-PARTO;2026,0;8,0;28,0;211,0;0,13270142180094788
MOV;UNIDADE DE CUIDADO INTERMEDIÁRIO NEONATAL CANGURU;2026,0;5,0;92,0;1,0;92,0
MOV;UNIDADE DE CUIDADO INTERMEDIÁRIO NEONATAL CONVENCIONAL;2026,0;4,0;61,0;17,0;3,588235294117647
MOV;UNIDADE DE CUIDADO INTERMEDIÁRIO NEONATAL CONVENCIONAL;2026,0;5,0;92,0;15,0;6,133333333333334
MOV;UNIDADE DE CUIDADO INTERMEDIÁRIO NEONATAL CONVENCIONAL;2026,0;6,0;9,0;9,0;1,0
MOV;UNIDADE DE CUIDADO INTERMEDIÁRIO NEONATAL CONVENCIONAL;2026,0;8,0;28,0;14,0;2,0
MOV;UNIDADE INTERNACAO ALTO-RISCO OBSTETRICO;2026,0;4,0;61,0;73,0;0,8356164383561644
MOV;UNIDADE INTERNACAO ALTO-RISCO OBSTETRICO;2026,0;5,0;92,0;66,0;1,393939393939394
MOV;UNIDADE INTERNACAO ALTO-RISCO OBSTETRICO;2026,0;6,0;9,0;61,0;0,14754098360655737
MOV;UNIDADE INTERNACAO ALTO-RISCO OBSTETRICO;2026,0;8,0;28,0;81,0;0,345679012345679
MOV;UTI - ADULTO;2026,0;4,0;61,0;40,0;1,525
MOV;UTI - ADULTO;2026,0;5,0;92,0;36,0;2,5555555555555554
MOV;UTI - ADULTO;2026,0;6,0;9,0;32,0;0,28125
MOV;UTI - ADULTO;2026,0;8,0;28,0;31,0;0,9032258064516129
MOV;UTI - NEONATAL;2026,0;4,0;61,0;16,0;3,8125
MOV;UTI - NEONATAL;2026,0;5,0;92,0;13,0;7,076923076923077
MOV;UTI - NEONATAL;2026,0;6,0;9,0;26,0;0,34615384615384615
MOV;UTI - NEONATAL;2026,0;8,0;28,0;33,0;0,8484848484848485
;;;;;;
Filtros aplicados: paciente plano cuidados multi não é 0 total internação maior que 0 tx paciente plano cuidados multi não é 0,00% estabelecimento não é (Em branco), CEPAI ou MGT Status operacional é Filtro de Ex-Unidades AnoMes não é (Em branco);;;;;;
